{"cameraMode":{"drawMode":0,"name":"Shaded","section":"Shading Mode"},"sceneLighting":false,"audioPlay":false,"sceneViewState":{"m_AlwaysRefresh":false,"showFog":true,"showSkybox":true,"showFlares":true,"showImageEffects":true,"showParticleSystems":true,"showVisualEffectGraphs":true,"m_FxEnabled":true},"in2DMode":false,"pivot":{"x":-0.354532927274704,"y":0.07060766220092774,"z":-0.11774898320436478},"rotation":{"x":-0.14382971823215486,"y":0.7000144124031067,"z":-0.14723500609397889,"w":-0.6838238835334778},"size":0.8660255670547485,"orthographic":false}